name,sku,price,old_price,image_href,out_of_stock,date
Кавомашина CM 5310,29531020RU,40 690 грн.,,https://shop.miele.ua/upload/iblock/a95/a957031f7bb51f1ca800f22af7e6acbf.jpeg,В наявності,(26.01.2023)
Посудомийна машина G 5430 SC,21543016UA,39 290 грн.,,https://shop.miele.ua/upload/iblock/b3a/b3a96113e974c3971b5b9bb6fb122d38.jpeg,В наявності,(26.01.2023)
Пральна машина з сушкою WTD 160 WCS,11TD1601UA,77 790 грн.,,https://shop.miele.ua/upload/iblock/c52/c52ebc30cbd30f9f60e795ed7259adae.jpeg,В наявності,(26.01.2023)
Пральна машина з сушкою WTD 163 WCS,11TD1631UA,77 790 грн.,,https://shop.miele.ua/upload/iblock/cd2/cd21be3ffc4ed0e73abdcdd2c24b63d2.jpeg,В наявності,(26.01.2023)
Пральна машина із сушкою WTD 165 WPM,11TD1654UA,83 290 грн.,,https://shop.miele.ua/upload/iblock/133/133b7cebf0ced02a78f0b27c15fd2e12.jpeg,В наявності,(26.01.2023)
Пральна машина з сушкою WTR 870 WPM,11TR8704UA,129 290 грн.,,https://shop.miele.ua/upload/iblock/df0/df00d2a8ac5b1743483e518bd6133b8d.jpeg,Під замовлення,(28.04.2023)
Прасувальна система B 4312 Fashion Master,13431221RU,69 890 грн.,,https://shop.miele.ua/upload/iblock/192/1928a714c9a7fb96aedba03a8d612976.jpeg,Під замовлення,(31.03.2023)
Прасувальна система B 4847 Fashion Master,13484721RU,86 390 грн.,,https://shop.miele.ua/upload/iblock/6cd/6cd7a77e2266cc055ef8d70df4db29f0.jpeg,Під замовлення,(31.03.2023)
Прасувальний каток B 995 D,13099504RU,76 490 грн.,,https://shop.miele.ua/upload/iblock/454/454d1ecbca998d69699edb4704ca2f09.jpeg,Під замовлення,(20.03.2023)
Кавомашина CM 5510,29551004RU,45 790 грн.,,https://shop.miele.ua/upload/iblock/79b/79bd457fdf4592367ff5c4e758400d95.jpeg,В наявності,(28.06.2022)
Кавомашина CM 6160 діамантовий білий,29616001RU,55 690 грн.,,https://shop.miele.ua/upload/iblock/1ac/1acbb5aa30790c53b4342766fbc6cac9.jpeg,В наявності,(28.06.2022)
Кавомашина CM 6160 чорна,29616020RU,55 690 грн.,,https://shop.miele.ua/upload/iblock/380/3805ddcc09d7dacb32ff256289c43291.jpeg,В наявності,(26.01.2023)
Кавомашина CM 6360 діамантовий білий,29636009RU,77 190 грн.,,https://shop.miele.ua/upload/iblock/efb/efb7f0f0ce0ab164b5a0ee20fc6cfdbc.jpeg,Під замовлення,(20.03.2023)
Кавомашина CM 6360 чорний обсидіан,29636011RU,77 190 грн.,,https://shop.miele.ua/upload/iblock/b06/b06b6d90f59dc92300c06877fa1906a3.jpeg,В наявності,(28.06.2022)
Кавомашина CM 6560 чорний обсидіан з ваучером,29656013RU,78 290 грн.,,https://shop.miele.ua/upload/iblock/1ff/1ff2f1ddceb77e22f858bbe15865f2fe.jpeg,В наявності,(28.06.2022)
Кавомашина CM 7350 діамантовий білий,29735010RU,115 790 грн.,,https://shop.miele.ua/upload/iblock/faf/faf4166555ed37bd5f23ef567f66d5a9.jpeg,В наявності,(31.08.2022)
Кавомашина CM 7350 чорний обсидіан,29735020RU,115 790 грн.,,https://shop.miele.ua/upload/iblock/56c/56cc60d2f42b42fa7d3f6687434d2d34.jpeg,Під замовлення,(20.03.2023)
Кавомашина CM 7750 чорний обсидіан,29775020RU,163 190 грн.,,https://shop.miele.ua/upload/iblock/6af/6af2929a7bdd33b0759ab773fa4383c1.jpeg,В наявності,(12.07.2022)
CS 7101-1 FL,27710151RU,68 990 грн.,,https://shop.miele.ua/upload/iblock/e84/e84712b6f93e78a3871541873c53fe67.jpeg,В наявності,(12.07.2022)
Модульна панель CS 7102-1 FL,27710251RU,66 390 грн.,,https://shop.miele.ua/upload/iblock/f98/f988124597291c5f1891be027f82e9a2.jpeg,Під замовлення,(13.06.2023)
Модульна панель CS 7612 FL,27761250RU,75 690 грн.,,https://shop.miele.ua/upload/iblock/c44/c4493b7ad8363c2b72ed51e1666c1370.jpeg,В наявності,(28.06.2022)
Модульна панель тепан CS 7632 FL,27763250RU,130 090 грн.,,https://shop.miele.ua/upload/iblock/b78/b785a6507e2657e24b19c851ce6656e0.jpeg,В наявності,(28.06.2022)
CS 7641 FL,27764150RU,81 990 грн.,,https://shop.miele.ua/upload/iblock/f6f/f6fc01d2769b13a709dcf77e4473f4d4.jpeg,Під замовлення,(31.03.2023)
Витяжний модуль CSDA 7001 FL,27700150RU,87 590 грн.,,https://shop.miele.ua/upload/iblock/748/7481d2105033f7a092d1d90e3fbd8e82.jpeg,В наявності,(28.06.2022)
Кавомашина CVA 7440  CleanSteel,29744040RU,162 490 грн.,,https://shop.miele.ua/upload/iblock/7d4/7d446840b5066cd4f6c1c207ce704880.jpeg,В наявності,(28.06.2022)
Кавомашина CVA 7440 чорний обсидіан,29744020RU,167 990 грн.,,https://shop.miele.ua/upload/iblock/c85/c851f0cdeea3c1bd8adcc2c7ee3ab6de.jpeg,В наявності,(28.06.2022)
Кавомашина CVA 7440 графитово-сірий,29744030RU,167 990 грн.,,https://shop.miele.ua/upload/iblock/0a8/0a8c95bb74f1f82e872831e67bd7a404.jpeg,Під замовлення,(12.07.2023)
Кавомашина CVA 7440 діамантово-білий,29744010RU,167 990 грн.,,https://shop.miele.ua/upload/iblock/0be/0be9bdf420fd20d5dc8693b6c1c5aa79.jpeg,В наявності,(28.06.2022)
Кавомашина CVA 7845 CleanSteel,29784540RU,235 590 грн.,,https://shop.miele.ua/upload/iblock/d83/d8341dcc7e01defbc49447038e8f88db.jpeg,В наявності,(28.06.2022)
Кавомашина CVA 7845 графитово-сірий,29784530RU,239 590 грн.,,https://shop.miele.ua/upload/iblock/f8c/f8c9f24ece8e134a6612b4468f41fd34.jpeg,В наявності,(26.01.2023)
Кавомашина CVA 7845 діамантово-білий,29784510RU,239 590 грн.,,https://shop.miele.ua/upload/iblock/5e7/5e7706dda04c171a5f02d5bc77567311.jpeg,В наявності,(26.01.2023)
Кавомашина CVA 7845 чорний обсидіан,29784520RU,239 590 грн.,,https://shop.miele.ua/upload/iblock/1d7/1d72aee5192d5221b0ad3a08f6fad450.jpeg,В наявності,(26.01.2023)
Витяжка DA 1260,28126055UA,23 490 грн.,,https://shop.miele.ua/upload/iblock/873/87313509d0bce4eed0fca6f0408dc59e.jpeg,В наявності,(28.06.2022)
Витяжка DA 2668 CleanSteel,28266855UA,87 590 грн.,,https://shop.miele.ua/upload/iblock/d63/d63097ef5f11dea7baf6b0def009c91c.jpeg,В наявності,(28.06.2022)
Витяжка DA 2698 CleanSteel,28269855UA,112 890 грн.,,https://shop.miele.ua/upload/iblock/24d/24d9c1c4bbe004bd4df55a81aeb6d72e.jpeg,В наявності,(28.06.2022)
DA 3496,28349655UA,39 890 грн.,,https://shop.miele.ua/upload/iblock/2f8/2f88717b6303950fc9ddfd1bcfaa09f0.jpeg,В наявності,(28.06.2022)
DA 6890 Levantar,28689050RU,89 990 грн.,,https://shop.miele.ua/upload/iblock/7db/7db9404d52dd938636db5185317245eb.jpeg,В наявності,(26.01.2023)
DA 6998 W діамантово-білий,28699830D,128 990 грн.,,https://shop.miele.ua/upload/iblock/65b/65b77313eff584a7c06d1c6f21d3992e.jpeg,В наявності,(26.01.2023)
Вбудована витяжка DAD 4840 Levantar,28D4840MUA,112 890 грн.,,https://shop.miele.ua/upload/iblock/bc5/bc5b69ced4e418afc4298edcf9d2bead.jpeg,В наявності,(26.01.2023)
DAS 2620,28S2620SUA,29 390 грн.,,https://shop.miele.ua/upload/iblock/a7a/a7a4d517e459415e2db5f9126c8a7540.jpeg,В наявності,(26.01.2023)
DAS 2920,28S2920SUA,35 390 грн.,,https://shop.miele.ua/upload/iblock/819/81983bad9518c07514c06874f20d4256.jpeg,В наявності,(26.01.2023)
DAS 4620,28S4620SUA,38 090 грн.,,https://shop.miele.ua/upload/iblock/249/249453f9b0671275a15636531a62f787.jpeg,В наявності,(26.01.2023)
DAS 4630,28S4630BUA,47 390 грн.,,https://shop.miele.ua/upload/iblock/fc5/fc57464e2f00a4b8461974c2779fe662.jpeg,В наявності,(26.01.2023)
DAS 4640,28S4640TUA,52 790 грн.,,https://shop.miele.ua/upload/iblock/c39/c39201d680f03e7248f662f0e0202b9f.jpeg,В наявності,(28.06.2022)
DAS 4920,28S4920SUA,43 590 грн.,,https://shop.miele.ua/upload/iblock/ee8/ee867795a02a6c0b3897ae1ebf36e671.jpeg,В наявності,(28.06.2022)
DAS 4940,28S4940TUA,58 790 грн.,,https://shop.miele.ua/upload/iblock/f91/f914ce8c7eadcea3c826c2da2561794a.jpeg,В наявності,(28.06.2022)
DAS 8630,28S8630SUA,73 590 грн.,,https://shop.miele.ua/upload/iblock/7c6/7c61458ae9b886fbf68b8cee7367e08a.jpeg,В наявності,(26.01.2023)
DAS 8930,28S8930SUA,80 090 грн.,,https://shop.miele.ua/upload/iblock/be2/be2d08e5e8060224b87106695cf2f803.jpeg,В наявності,(26.01.2023)
Парова шафа DG 2840 CleanSteel,23284040RU,57 090 грн.,,https://shop.miele.ua/upload/iblock/6c1/6c1b48d0ebd6c22538bb5255da6ad800.jpeg,Під замовлення,(28.04.2023)
Парова шафа DG 7240 CleanSteel,23724040RU,76 990 грн.,,https://shop.miele.ua/upload/iblock/5b9/5b979c10ed2c7ddc34ad223f85bd99a5.jpeg,В наявності,(28.04.2023)
Парова шафа DG 7440 діамантово-білий,23744010RU,107 490 грн.,,https://shop.miele.ua/upload/iblock/d1d/d1d8a22716e148e147ae7b768010654b.jpeg,В наявності,(12.07.2022)
Парова шафа DG 7440 чорний обсидіан,23744020RU,107 490 грн.,,https://shop.miele.ua/upload/iblock/025/02548d3fe419a6ffcc9490315386df13.jpeg,В наявності,(12.07.2022)
Парова шафа DG 7440 CleanSteel,23744040RU,104 790 грн.,,https://shop.miele.ua/upload/iblock/ea1/ea1114d8a0ce1194272f22e214d271ed.jpeg,В наявності,(28.06.2022)
Парова шафа DG 7440 графитово-сірий,23744030RU,107 490 грн.,,https://shop.miele.ua/upload/iblock/b5d/b5d7ffb55b51b00556baedf5c99c0bee.jpeg,В наявності,(26.01.2023)
DGC 7250 CleanSteel,22725042UA,115 290 грн.,,https://shop.miele.ua/upload/iblock/994/9946b28e4824d63590e1f5afc8603040.jpeg,Під замовлення,(16.05.2023)
DGC 7250 бриллиантово-белый,22725012UA,121 390 грн.,,https://shop.miele.ua/upload/iblock/887/887c73d0cd2bd56b70c48a20d974f2ea.jpeg,Під замовлення,(16.05.2023)
DGC 7250 графитово-серый,22725032UA,121 390 грн.,,https://shop.miele.ua/upload/iblock/e4b/e4ba37c7df3c88189f9293c383df40c9.jpeg,Під замовлення,(16.05.2023)
DGC 7250 черный обсидиан,22725022UA,121 390 грн.,,https://shop.miele.ua/upload/iblock/fe0/fe07b1275f8e32190d4d0480b116567d.jpeg,Під замовлення,(16.05.2023)
Парова шафа DGC 7440 діамантово-білий,23744012RU,159 290 грн.,,https://shop.miele.ua/upload/iblock/772/772d4981ca59655d5a223a850e198435.jpeg,Під замовлення,(23.05.2023)
Парова шафа DGC 7440 CleanSteel,23744042RU,155 190 грн.,,https://shop.miele.ua/upload/iblock/2cd/2cdce895770d7c53aca2a709e7852fc5.jpeg,Під замовлення,(23.05.2023)
Парова шафа DGC 7440 X графитово-сірий,23744072RU,164 490 грн.,,https://shop.miele.ua/upload/iblock/48a/48a668633039e0b940a4303002eec4b6.jpeg,В наявності,(26.01.2023)
Парова шафа DGC 7440 X діамантово-білий,23744052RU,164 490 грн.,,https://shop.miele.ua/upload/iblock/326/3269782af1821d6bf07784427e362390.jpeg,Під замовлення,(23.05.2023)
Парова шафа DGC 7440 X чорний обсидіан,23744062RU,164 490 грн.,,https://shop.miele.ua/upload/iblock/513/51373dc8b2c0f26576260bea25eb2fa0.jpeg,Під замовлення,(23.05.2023)
Парова шафа DGC 7440 графитово-сірий,23744032RU,159 290 грн.,,https://shop.miele.ua/upload/iblock/691/6910f6652c0434ef70d435231ff19fdc.jpeg,В наявності,(28.06.2022)
Парова шафа DGC 7440 чорний обсидіан,23744022RU,159 290 грн.,,https://shop.miele.ua/upload/iblock/335/3355afc7bdda58832ab8fa08e5164d93.jpeg,Під замовлення,(23.05.2023)
Парова шафа DGC 7460 CleanSteel,23746043RU,218 990 грн.,,https://shop.miele.ua/upload/iblock/f1e/f1ecf7dcde76d89ecfd1e7479d076353.jpeg,Під замовлення,(23.05.2023)
Парова шафа DGC 7460 X чорний обсидіан,23746063RU,229 590 грн.,,https://shop.miele.ua/upload/iblock/2c7/2c7e3bd875bfecc050b3a40ed7329c42.jpeg,Під замовлення,(23.05.2023)
Парова шафа DGC 7460 графитово-сірий,23746033RU,225 590 грн.,,https://shop.miele.ua/upload/iblock/d6e/d6e03a99362b95c98e80dbd939a7e4e8.jpeg,В наявності,(28.06.2022)
Парова шафа DGC 7460 діамантово-білий,23746013RU,225 590 грн.,,https://shop.miele.ua/upload/iblock/b0c/b0c05b41c5b3ceab6f09bd18a58fa02b.jpeg,Під замовлення,(23.05.2023)
Парова шафа DGC 7460 чорний обсидіан,23746023RU,225 590 грн.,,https://shop.miele.ua/upload/iblock/27c/27cac50d1c946be00c6328d654863767.jpeg,Під замовлення,(23.05.2023)
Парова шафа DGC 7840 CleanSteel,23784042RU,230 990 грн.,,https://shop.miele.ua/upload/iblock/f3d/f3d319bd183a78f0093bae8de53762b0.jpeg,В наявності,(26.01.2023)
Парова шафа DGC 7840 X графитово-сірий,23784072RU,244 190 грн.,,https://shop.miele.ua/upload/iblock/917/9172474359051bab55fe491a2942c980.jpeg,В наявності,(26.01.2023)
Парова шафа DGC 7840 X діамантово-білий,23784052RU,244 190 грн.,,https://shop.miele.ua/upload/iblock/487/48721055e52db6d80cf536e302cb6a40.jpeg,Під замовлення,(23.05.2023)
Парова шафа DGC 7840 X чорний обсидіан,23784062RU,244 190 грн.,,https://shop.miele.ua/upload/iblock/482/482153e8d989eb0baeca2608b2c89d63.jpeg,Під замовлення,(23.05.2023)
Парова шафа DGC 7840 графитово-сірий,23784032RU,240 290 грн.,,https://shop.miele.ua/upload/iblock/450/4505d5685dd03753205fd092bf63a674.jpeg,В наявності,(28.06.2022)
Парова шафа DGC 7840 діамантово-білий,23784012RU,240 290 грн.,,https://shop.miele.ua/upload/iblock/b00/b00d1a4fee0d072808b773fa9c0927dc.jpeg,Під замовлення,(23.05.2023)
Парова шафа DGC 7840 чорний обсидіан,23784022RU,240 290 грн.,,https://shop.miele.ua/upload/iblock/443/4430f079c2c72ffd3b4e642c71576300.jpeg,В наявності,(12.07.2022)
Парова шафа DGC 7860 X чорний обсидіан,23786063RU,309 190 грн.,,https://shop.miele.ua/upload/iblock/135/135c40d9ee42d3c73c3a09256b95d591.jpeg,Під замовлення,(23.05.2023)
Парова шафа DGC 7860 X графитово-сірий,23786073RU,309 190 грн.,,https://shop.miele.ua/upload/iblock/c19/c1949c93831b7b772a2f22871284b98e.jpeg,Під замовлення,(23.05.2023)
Парова шафа DGC 7860 X діамантово-білий,23786053RU,309 190 грн.,,https://shop.miele.ua/upload/iblock/12a/12a403b8d8166c5463d48a578352f21b.jpeg,В наявності,(26.01.2023)
Парова шафа DGM 6800 CleanSteel,23680054RU,128 900 грн.,,https://shop.miele.ua/upload/iblock/945/9455e859a66850810b98d9d48a3f95fa.jpeg,В наявності,(26.01.2023)
Парова шафа DGM 6800 діамантово-білий,23680014RU,128 900 грн.,,https://shop.miele.ua/upload/iblock/7e7/7e7a6dc7331ab50d0f18aff5b32fa9b4.jpeg,В наявності,(21.09.2022)
Парова шафа DGM 7440 CleanSteel,23744044RU,130 090 грн.,,https://shop.miele.ua/upload/iblock/fb5/fb5de879445040b5ac11841b6188269a.jpeg,Під замовлення,(08.05.2023)
Парова шафа DGM 7440 графитово-сірий,23744034RU,137 390 грн.,,https://shop.miele.ua/upload/iblock/bb6/bb6f1ecce8533e4509585cbfdee59f89.jpeg,Під замовлення,(16.05.2023)
Парова шафа DGM 7440 діамантово-білий,23744014RU,136 790 грн.,,https://shop.miele.ua/upload/iblock/b02/b02b3c0b6a51200f5e1caf7fc419da1e.jpeg,В наявності,(12.07.2022)
Парова шафа DGM 7440 чорний обсидіан,23744024RU,136 690 грн.,,https://shop.miele.ua/upload/iblock/956/9563a0b1068b0cc3fda5098951b0a3e4.jpeg,Під замовлення,(08.05.2023)
Парова шафа DGM 7840 CleanSteel,23784044RU,234 790 грн.,,https://shop.miele.ua/upload/iblock/608/608afde6e642b423f4d692de0e5ccdda.jpeg,В наявності,(28.06.2022)
Парова шафа DGM 7840 графитово-сірий,23784034RU,242 790 грн.,,https://shop.miele.ua/upload/iblock/13e/13e705d998575ee9995038ad408d2399.jpeg,Під замовлення,(08.05.2023)
Парова шафа DGM 7840 діамантово-білий,23784014RU,242 790 грн.,,https://shop.miele.ua/upload/iblock/390/390932e9888de392c4dccd9d73a90754.jpeg,Під замовлення,(08.05.2023)
Парова шафа DGM 7840 чорний обсидіан,23784024RU,242 790 грн.,,https://shop.miele.ua/upload/iblock/a7b/a7b1fd3fd0fa8e36f180236f4220c3a4.jpeg,Під замовлення,(08.05.2023)
ESW 6229 коричневий гавана,30622902RU,37 900 грн.,,https://shop.miele.ua/upload/iblock/03a/03a58b7b81f31f74e2a6a9df0bbdb630.jpeg,В наявності,(28.06.2022)
Підігрівач посуду ESW 7010 графитово-сірий,30701030RU,59 790 грн.,,https://shop.miele.ua/upload/iblock/54d/54d0230ac0323f75cf113d3cbc8c669e.jpeg,Під замовлення,(16.05.2023)
Підігрівач посуду ESW 7010 діамантово-білий,30701010RU,59 790 грн.,,https://shop.miele.ua/upload/iblock/587/587d61e5f874b55ae7290b48bb3efaea.jpeg,В наявності,(28.06.2022)
Підігрівач посуду ESW 7010 чорний обсидіан,30701020RU,59 790 грн.,,https://shop.miele.ua/upload/iblock/a4f/a4fb536dc174a55c8f84567539971407.jpeg,В наявності,(28.06.2022)
Підігрівач посуду ESW 7020 CleanSteel,30702040RU,63 790 грн.,,https://shop.miele.ua/upload/iblock/852/8523336b2a0ac998714159a786874718.jpeg,В наявності,(28.06.2022)
Підігрівач посуду ESW 7020 графитово-сірий,30702030RU,63 790 грн.,,https://shop.miele.ua/upload/iblock/f13/f132655625b028b82e36ab3e9311fcd1.jpeg,В наявності,(26.01.2023)
Підігрівач посуду ESW 7020 діамантово-білий,30702010RU,63 790 грн.,,https://shop.miele.ua/upload/iblock/ea0/ea022970124d0971c12223e71fe36737.jpeg,Під замовлення,(16.05.2023)
Підігрівач посуду ESW 7020 чорний обсидіан,30702020RU,63 790 грн.,,https://shop.miele.ua/upload/iblock/3df/3df63e1f640c1bda663515e079d6b6c8.jpeg,В наявності,(28.06.2022)
Вакууматор EVS 7010 графитово-сірий,30701031RU,143 290 грн.,,https://shop.miele.ua/upload/iblock/aac/aacf14af90f93fba6f38dd0a416956b0.jpeg,Під замовлення,(26.07.2023)
Вакууматор EVS 7010 діамантово-білий,30701011RU,143 290 грн.,,https://shop.miele.ua/upload/iblock/7c0/7c09c75c4642775d31d63e03f72fada9.jpeg,В наявності,(26.01.2023)
Вакууматор EVS 7010 чорний обсидіан,30701021RU,143 290 грн.,,https://shop.miele.ua/upload/iblock/46e/46e02f46a6b7e0c09e04d83a72a98e46.jpeg,Під замовлення,(31.03.2023)
Морозильник F 2411 VI,37241101OER,419 990 грн.,,https://shop.miele.ua/upload/iblock/2cf/2cf7b7d14e81d4af491aa2f87c369011.jpeg,В наявності,(12.07.2022)
Морозильник F 2671 Vi,37267101OER,497 190 грн.,,https://shop.miele.ua/upload/iblock/5d3/5d3700e9a773974eba5afee9487b0385.jpeg,Під замовлення,(21.12.2023)
Морозильник F 2811 VI,37281101OER,481 690 грн.,,https://shop.miele.ua/upload/iblock/6cc/6cc807dfea465cae3daf7f39d1a016ec.jpeg,Під замовлення,(21.12.2023)
Вбудований морозильник F 31202 Ui,37312020OER,63 790 грн.,,https://shop.miele.ua/upload/iblock/22c/22cb936fd4b08bf11b8efa4f5583a3c8.jpeg,Під замовлення,(12.04.2023)
Морозильник FNS 28463 E CleanSteel,37284630OER,112 190 грн.,,https://shop.miele.ua/upload/iblock/929/92935f64d1ff9c6b8a69e7614c0fef6d.jpeg,В наявності,(28.06.2022)
FNS 4782 E,37478253OER,83 390 грн.,,https://shop.miele.ua/upload/iblock/1b0/1b0aabb6864337b353a4396461b2dea1.jpeg,Під замовлення,(19.07.2023)
Посудомийна машина G 5000 SCi,21500057UA,50 490 грн.,,https://shop.miele.ua/upload/iblock/f56/f560453b76295b8c5f428a925b2f9727.jpeg,В наявності,(26.01.2023)
Посудомийна машина G 5050 SCVi,21505062UA,54 590 грн.,,https://shop.miele.ua/upload/iblock/850/8505962d12193453231e7bc754bf1289.jpeg,В наявності,(26.01.2023)
Посудомийна машина G 5210 SCi,21521057UA,60 690 грн.,,https://shop.miele.ua/upload/iblock/98e/98e704ae9bbf02d38cd2f63657255108.jpeg,В наявності,(26.01.2023)
Посудомийна машина G 5260 SCVi,21526062UA,67 290 грн.,,https://shop.miele.ua/upload/iblock/559/5598a2bb7d83b6ebef9258c0f604d1e3.jpeg,В наявності,(26.01.2023)
Посудомийна машина G 5265 VI XXL,21526561UA,72 290 грн.,,https://shop.miele.ua/upload/iblock/c04/c04807d6e155e739b52f3cf4e11d5338.jpeg,В наявності,(28.06.2022)
Посудомийна машина G 5481 SCVi,21548162UA,53 190 грн.,,https://shop.miele.ua/upload/iblock/f04/f040e250bae32d3fb74753bf88beefeb.jpeg,В наявності,(28.06.2022)
Посудомийна машина G 5690 SCVi,21569062UA,76 890 грн.,,https://shop.miele.ua/upload/iblock/a8e/a8e0effab5c8064409cd220487131383.jpeg,В наявності,(28.06.2022)
Посудомийна машина G 5890 SCVi,21589062UA,96 290 грн.,,https://shop.miele.ua/upload/iblock/0ff/0ff641784747b4b4879cf2654a31be17.jpeg,В наявності,(28.06.2022)
Посудомийна машина G 7150 SCVi,21715062UA,80 990 грн.,,https://shop.miele.ua/upload/iblock/096/09637cd33678d9fd566dac29bff38ed5.jpeg,В наявності,(28.06.2022)
Посудомийна машина G 7160 SCVi,21716062UA,92 490 грн.,,https://shop.miele.ua/upload/iblock/9cc/9ccd8b4e77b184fc47493e8453be2b2e.jpeg,В наявності,(28.06.2022)
Посудомийна машина G 7360 SCVi,21736062UA,95 990 грн.,,https://shop.miele.ua/upload/iblock/cd3/cd32a8bacf67287b5052dbf762a87e55.jpeg,В наявності,(28.06.2022)
Посудомийна машина G 7560 SCVi,21756062UA,117 290 грн.,,https://shop.miele.ua/upload/iblock/717/7179892b72c6a8407bd43d356d990788.jpeg,В наявності,(28.06.2022)
Посудомийна машина G 7590 SCVi,21759062UA,133 690 грн.,,https://shop.miele.ua/upload/iblock/2f2/2f23c63897d12fbc0a11848248a9ef00.jpeg,В наявності,(31.08.2022)
Посудомийна машина G 7960 SCVi,21796062UA,167 790 грн.,,https://shop.miele.ua/upload/iblock/182/182c9da4653f41f9aa9dff0ce3578538.jpeg,В наявності,(31.08.2022)
Посудомийна машина G 7965 VI XXL,21796562UA,173 290 грн.,,https://shop.miele.ua/upload/iblock/606/606dab9693377c7d4e594cafb1b2dfe7.jpeg,В наявності,(28.06.2022)
Духова шафа H 2265-1 B CleanSteel,22226594UA,31 990 грн.,,https://shop.miele.ua/upload/iblock/196/1964c1c2b723cd32212e2044443bda8c.jpeg,В наявності,(28.06.2022)
Духова шафа H 2265-1 BP CleanSteel,22226595UA,47 990 грн.,,https://shop.miele.ua/upload/iblock/b16/b16ccf814e5762e70fc455a43c2f0cd9.jpeg,В наявності,(28.06.2022)
Духова шафа H 2860 B CleanSteel,22286044UA,50 490 грн.,,https://shop.miele.ua/upload/iblock/b9c/b9c16265c6440701da4224b2f328925e.jpeg,В наявності,(26.01.2023)
Духова шафа H 2860 B графитово-сірий,22286034UA,52 990 грн.,,https://shop.miele.ua/upload/iblock/1a0/1a04227eafaef47ac1e642dc5298b77e.jpeg,Під замовлення,(08.05.2023)
Духова шафа H 2860 B діамантово-білий,22286014UA,52 990 грн.,,https://shop.miele.ua/upload/iblock/ab4/ab4e80f280124339d507e00f199edda7.jpeg,Під замовлення,(08.05.2023)
Духова шафа H 2860 B чорний обсидіан,22286024UA,52 990 грн.,,https://shop.miele.ua/upload/iblock/043/04389242e302f0a3ad6b6d0d185c52da.jpeg,Під замовлення,(08.05.2023)
Духова шафа H 2860 BP CleanSteel,22286045UA,67 790 грн.,,https://shop.miele.ua/upload/iblock/926/926820c31a23341711e694e4e6f57037.jpeg,В наявності,(26.01.2023)
Духова шафа H 2860 BP графитово-сірий,22286035UA,71 690 грн.,,https://shop.miele.ua/upload/iblock/b50/b50c4bd5a8f376b624553d242fc88328.jpeg,В наявності,(28.06.2022)
Духова шафа H 2860 BP діамантово-білий,22286015UA,71 690 грн.,,https://shop.miele.ua/upload/iblock/429/429f0249ebf4e8f4f4c48fed9a56a977.jpeg,В наявності,(26.01.2023)
Духова шафа H 2860 BP чорний обсидіан,22286025UA,71 690 грн.,,https://shop.miele.ua/upload/iblock/055/05568ed07005f906e0ac768b1b904573.jpeg,Під замовлення,(08.05.2023)
Духова шафа H 7260 B CleanSteel,22726044UA,63 790 грн.,,https://shop.miele.ua/upload/iblock/069/0690874d46bef124603be43e4140c229.jpeg,В наявності,(08.05.2023)
Духова шафа H 7260 BP CleanSteel,22726045UA,82 390 грн.,,https://shop.miele.ua/upload/iblock/634/634499df7c4927fffb00e9c4b562dd7d.jpeg,Під замовлення,(08.05.2023)
Духова шафа H 7264 B CleanSteel,22726444UA,84 890 грн.,,https://shop.miele.ua/upload/iblock/ced/ced08b7a1bcc0423836fdaa103203c4d.jpeg,Під замовлення,(08.05.2023)
Духова шафа H 7264 BP CleanSteel,22726445UA,102 190 грн.,,https://shop.miele.ua/upload/iblock/7ef/7ef732d8cb95ed926c789b7a7111bebf.jpeg,Під замовлення,(16.05.2023)
Духова шафа H 7464 BP CleanSteel,22746445UA,130 190 грн.,,https://shop.miele.ua/upload/iblock/3dd/3dd0195112ea2e2a5910bb33083ed0a8.jpeg,В наявності,(16.05.2023)
Духова шафа H 7464 BP графитово-сірий,22746435UA,136 690 грн.,,https://shop.miele.ua/upload/iblock/b95/b956d61c426050c542619f265b18cd34.jpeg,Під замовлення,(31.03.2023)
Духова шафа H 7464 BP діамантово-білий,22746415UA,136 690 грн.,,https://shop.miele.ua/upload/iblock/11c/11c1f51799a456ffa6697ef00f359b45.jpeg,Під замовлення,(08.05.2023)
Духова шафа H 7464 BP чорний обсидіан,22746425UA,136 690 грн.,,https://shop.miele.ua/upload/iblock/9b2/9b2ea32d932dee196e45d21cb17449a5.jpeg,Під замовлення,(08.05.2023)
Духова шафа H 7464 BPX чорний обсидіан,22746465UA,139 390 грн.,,https://shop.miele.ua/upload/iblock/2fd/2fdc13b06bfdee53d770c887e4c831cc.jpeg,Під замовлення,(08.05.2023)
Духова шафа H 7464 BPX графитово-сірий,22746475UA,139 390 грн.,,https://shop.miele.ua/upload/iblock/5ab/5ab8a9c1a4399d1c834bb067f3e6d28d.jpeg,Під замовлення,(08.05.2023)
Духова шафа H 7464 BPX діамантово-білий,22746455UA,139 390 грн.,,https://shop.miele.ua/upload/iblock/bee/bee9a25449faf3cd3243bb1b9f5938ce.jpeg,Під замовлення,(08.05.2023)
Духова шафа H 7840 BM CleanSteel,22784046UA,160 590 грн.,,https://shop.miele.ua/upload/iblock/9de/9de5163cd7bbf26ec2e1f8addcd2423c.jpeg,Під замовлення,(08.05.2023)
Духова шафа H 7840 BM графитово-сірий,22784036UA,164 590 грн.,,https://shop.miele.ua/upload/iblock/58d/58d5f4347e7be16eb47109f8b1570743.jpeg,Під замовлення,(08.05.2023)
Духова шафа H 7840 BM чорний обсидіан,22784026UA,164 590 грн.,,https://shop.miele.ua/upload/iblock/82c/82c5c0593d76f4de5c42e531f7837b0c.jpeg,Під замовлення,(08.05.2023)
Духова шафа H 7840 BMX графитово-сірий,22784076UA,175 190 грн.,,https://shop.miele.ua/upload/iblock/9e6/9e6723281153c7cf47debf8992990663.jpeg,Під замовлення,(08.05.2023)
Духова шафа H 7840 BMX чорний обсидіан,22784066UA,175 190 грн.,,https://shop.miele.ua/upload/iblock/ec0/ec00865f4fec44dbaa093662eb579644.jpeg,Під замовлення,(08.05.2023)
Духова шафа H 7860 BP CleanSteel,22786045UA,200 390 грн.,,https://shop.miele.ua/upload/iblock/893/893fb0562348ff43e97afe88b2d92b0a.jpeg,Під замовлення,(08.05.2023)
Духова шафа H 7860 BP графитово-сірий,22786035UA,208 390 грн.,,https://shop.miele.ua/upload/iblock/e62/e623a6fcb581db4fe55bbd3ada6b345f.jpeg,Під замовлення,(08.05.2023)
Духова шафа H 7860 BP діамантово-білий,22786015UA,208 390 грн.,,https://shop.miele.ua/upload/iblock/9a1/9a1d70610a045a1cbf6a5421fbe96196.jpeg,В наявності,(28.06.2022)
Духова шафа H 7860 BP чорний обсидіан,22786025UA,208 390 грн.,,https://shop.miele.ua/upload/iblock/7d9/7d98112736f5de7f52158b1526dd63b3.jpeg,Під замовлення,(08.05.2023)
Духова шафа H 7860 BPX чорний обсидіан,22786065UA,212 290 грн.,,https://shop.miele.ua/upload/iblock/8a5/8a5f44832b500132cf584ebd0efa0bae.jpeg,Під замовлення,(08.05.2023)
Духова шафа H 7860 BPX графитово-сірий,22786075UA,212 290 грн.,,https://shop.miele.ua/upload/iblock/330/3305310502be69d33c3c16800e30c7ee.jpeg,В наявності,(28.06.2022)
Духова шафа H 7860 BPX діамантово-білий,22786055UA,212 290 грн.,,https://shop.miele.ua/upload/iblock/1ca/1caa0c0b85bb713dfa8c2c9f433ce2ec.jpeg,Під замовлення,(08.05.2023)
Духова шафа H 7890 BP CleanSteel,22789045UA,435 290 грн.,,https://shop.miele.ua/upload/iblock/aa1/aa1324b8bcf090af36611726897c3617.jpeg,Під замовлення,(08.05.2023)
Холодильник K 2801 VI,36280101OER,453 490 грн.,,https://shop.miele.ua/upload/iblock/ac4/ac4871e8f3dbf8c735f54091123b1851.jpeg,Під замовлення,(26.07.2023)
Холодильник K 2901 VI,36290101OER,486 790 грн.,,https://shop.miele.ua/upload/iblock/ceb/ceb3e61ade721922f1684f58a9180623.jpeg,Під замовлення,(26.07.2023)
Вбудований холодильник K 7733 E,36773300OER,66 290 грн.,,https://shop.miele.ua/upload/iblock/0a0/0a00c760c7d677a7323fa16f93256e64.jpeg,Під замовлення,(25.04.2023)
Вбудований холодильник K 7743 E,36774300OER,96 690 грн.,,https://shop.miele.ua/upload/iblock/86c/86ce20e2f96086e7d1189e720da12d0f.jpeg,В наявності,(26.01.2023)
Вбудований холодильник K 7774D,36777400OER,148 190 грн.,,https://shop.miele.ua/upload/iblock/b2a/b2a5d028184016704d30f49667685057.jpeg,В наявності,(28.06.2022)
Вбудований холодильник K 7793 C,36779300OER,155 990 грн.,,https://shop.miele.ua/upload/iblock/141/141d0b7087998b155d85d4222386af84.jpeg,Під замовлення,(12.05.2023)
KD 7724 E Active,38772400OER,59 490 грн.,,https://shop.miele.ua/upload/iblock/a74/a74d4e4ee80e66fd58be28c59bfe4a26.jpeg,Під замовлення,(16.05.2023)
KDN 7724 E Active,38772450OER,67 990 грн.,,https://shop.miele.ua/upload/iblock/a52/a528b4d9a961060c3f90c56989395129.jpeg,Під замовлення,(19.07.2023)
Холодильник-морозильник KF 2901 VI,38290101OER,527 390 грн.,,https://shop.miele.ua/upload/iblock/fd6/fd6cd492cc5d59532e8e75226af45e4d.jpeg,Під замовлення,(12.07.2023)
Холодильник-морозильник KF 2911 VI,38291101OER,527 390 грн.,,https://shop.miele.ua/upload/iblock/7d4/7d4def81090fb1ece2aeb112b68fe57e.jpeg,Під замовлення,(12.07.2023)
Холодильник-морозильник KF 2981 Vi,38298101OER,554 690 грн.,,https://shop.miele.ua/upload/iblock/b50/b50f2f1178490a42d1fc349c43f55dda.jpeg,В наявності,(26.01.2023)
Вбудований холодильник-морозильник KF 37673 iD,38376730OER,104 990 грн.,,https://shop.miele.ua/upload/iblock/86f/86f9d957bf20f59821696779100dbeff.jpeg,В наявності,(26.01.2023)
Вбудований холодильник-морозильник KF 7731 E,38773100OER,67 699 грн.,,https://shop.miele.ua/upload/iblock/5ec/5ec90c8f4b89af3ac17a62294fe30f15.jpeg,В наявності,(26.01.2023)
Холодильник-морозильник KFN 28132 D ws,38281320OER,42 090 грн.,,https://shop.miele.ua/upload/iblock/306/306f1b995b74d9f97654a8fd8a26bd56.jpeg,Під замовлення,(21.12.2023)
Холодильник-морозильник KFN 29162 D CleanSteel,38291621OER,47 190 грн.,,https://shop.miele.ua/upload/iblock/690/69048aa00317ff32aca72d0e396ed8b8.jpeg,Під замовлення,(21.12.2023)
Холодильник-морозильник KFN 29162 D білий,38291620OER,43 390 грн.,,https://shop.miele.ua/upload/iblock/75a/75affc7ef449016312e09ee81e7c5580.jpeg,Під замовлення,(21.12.2023)
Холодильник-морозильник KFN 29233 D ws,38292335OER,64 999 грн.,,https://shop.miele.ua/upload/iblock/a82/a829d3021870f64983703fcd262fc816.jpeg,Під замовлення,(21.12.2023)
Холодильник-морозильник KFN 29283 D CleanSteel,38292835OER,87 990 грн.,,https://shop.miele.ua/upload/iblock/080/080d469fafa0a29bf5947b2848b959bb.jpeg,Під замовлення,(21.12.2023)
Холодильник-морозильник KFN 29283D bb,38292836OER,98 190 грн.,,https://shop.miele.ua/upload/iblock/dcb/dcbeebc66ae104c75ea5d506a666de4e.jpeg,В наявності,(28.06.2022)
Холодильник-морозильник KFN 29683 D brws,38296836OER,147 890 грн.,,https://shop.miele.ua/upload/iblock/f7a/f7a0c723de5e4455c9dc2f479b48fb8c.jpeg,В наявності,(12.07.2022)
Холодильник-морозильник KFN 29683 D obsw,38296835OER,147 890 грн.,,https://shop.miele.ua/upload/iblock/26c/26c9f79d1ade61fc66b19108548741f4.jpeg,В наявності,(28.06.2022)
Вбудований холодильник-морозильник KFN 7744 E,38774400OER,106 690 грн.,,https://shop.miele.ua/upload/iblock/66f/66f9eaf6d32d58e160edba0d273adab3.jpeg,В наявності,(28.06.2022)
Вбудований холодильник-морозильник KFN 7764 D,38776400OER,125 190 грн.,,https://shop.miele.ua/upload/iblock/1b1/1b1705d4120b9bee850ee92678b07a01.jpeg,Під замовлення,(25.04.2023)
Вбудований холодильник-морозильник KFN 7774 D,38777400OER,142 490 грн.,,https://shop.miele.ua/upload/iblock/270/270116a20a27da0a4d28f3b2b7bba802.jpeg,В наявності,(25.04.2023)
Вбудований холодильник-морозильник KFN 7795 D,38779500OER,160 390 грн.,,https://shop.miele.ua/upload/iblock/1be/1be805943e2e15a2eaa22249cd19154b.jpeg,В наявності,(26.01.2023)
Варильна поверхня KM 2010 G,26201050RU,35 790 грн.,,https://shop.miele.ua/upload/iblock/cda/cdac6e0f5584f7c6ace1c500761dc03d.jpeg,Під замовлення,(13.06.2023)
Варильна поверхня KM 2034,26203450RU,67 690 грн.,,https://shop.miele.ua/upload/iblock/160/160f73035489e69b869af6bc04f43e54.jpeg,Під замовлення,(13.06.2023)
KM2356-1,26235651RU,88 990 грн.,,https://shop.miele.ua/upload/iblock/fc2/fc2eb76bfd1b32b92ff41010e00a252f.jpeg,В наявності,(28.06.2022)
Варильна поверхня KM 3010,26301050RU,51 790 грн.,,https://shop.miele.ua/upload/iblock/d50/d50c7435b4e2e6d8fb22b04aa7e30ec3.jpeg,В наявності,(28.06.2022)
KM 3034-1,26303451RU,95 590 грн.,,https://shop.miele.ua/upload/iblock/608/6083ec58579ff8338928d949731d1287.jpeg,Під замовлення,(13.06.2023)
Варильна поверхня KM 3054-1,26305451RU,96 890 грн.,,https://shop.miele.ua/upload/iblock/dd3/dd303b407d557d35458aa7a9d69d8ad7.jpeg,Під замовлення,(13.06.2023)
Варильна поверхня KM 6520 FL,26652070RU,31 890 грн.,,https://shop.miele.ua/upload/iblock/d55/d55e27a16c0a2e19f1e7c207ed0e8133.jpeg,В наявності,(13.06.2023)
Варильна поверхня KM 6520 FR,26652010RU,31 890 грн.,,https://shop.miele.ua/upload/iblock/516/51667d04a130534480e82ac455af0de4.jpeg,В наявності,(28.06.2022)
Варильна поверхня KM 6542 FL,26654270RU,61 190 грн.,,https://shop.miele.ua/upload/iblock/a74/a74943555e9932a7eb9d17fe5a11f1e1.jpeg,В наявності,(28.06.2022)
Варильна поверхня KM 6565 FR,26656500RU,96 990 грн.,,https://shop.miele.ua/upload/iblock/a9a/a9ab346ddc4a0829f60787710200aad4.jpeg,В наявності,(28.06.2022)
KM 6839-1,26683961RU,107 990 грн.,,https://shop.miele.ua/upload/iblock/6a4/6a413cf446ad040f09ce3bbb099ed3b6.jpeg,В наявності,(28.06.2022)
Варильна поверхня KM 7174 FR,26717400RU,96 890 грн.,,https://shop.miele.ua/upload/iblock/e30/e3034b370c7606145a58e137cbec24be.jpeg,В наявності,(26.07.2022)
Варильна поверхня KM 7201 FR,26720110RU,46 590 грн.,,https://shop.miele.ua/upload/iblock/daf/daffc76956289b436f970887524a7a88.jpeg,Під замовлення,(16.05.2023)
Варильна поверхня KM 7262 FR,26726210RU,53 190 грн.,,https://shop.miele.ua/upload/iblock/1a6/1a67a55d184e74dc3fc0d7b2456e4d1f.jpeg,В наявності,(26.01.2023)
Варильна поверхня KM 7464 FR,26746400RU,59 790 грн.,,https://shop.miele.ua/upload/iblock/ebd/ebd9350038c262bf53c11073cfa98898.jpeg,В наявності,(26.01.2023)
Варильна поверхня KM 7564 FL,26756470RU,92 790 грн.,,https://shop.miele.ua/upload/iblock/58a/58a83c00e9c2d9a830c47a9207972607.jpeg,В наявності,(26.01.2023)
Варильна поверхня KM 7575 FR,26757500RU,123 590 грн.,,https://shop.miele.ua/upload/iblock/643/6431847865e5ac0b1b2b6011d81157cf.jpeg,В наявності,(28.06.2022)
Варильна поверхня KM 7678 FL,26767870RU,152 690 грн.,,https://shop.miele.ua/upload/iblock/921/921760017dc86d9a3eb8d4c9eaea41c8.jpeg,В наявності,(28.06.2022)
Варильна поверхня KM 7679 FR,26767900RU,135 290 грн.,,https://shop.miele.ua/upload/iblock/fca/fca9ccc53bd99205965a7c58ef967952.jpeg,В наявності,(26.01.2023)
Варильна поверхня KM 7684 FL,26768470RU,122 190 грн.,,https://shop.miele.ua/upload/iblock/5c5/5c5667fe3151aee83165749ec2d11312.jpeg,В наявності,(26.01.2023)
Варильна поверхня KM 7697 FR,26769700RU,132 790 грн.,,https://shop.miele.ua/upload/iblock/179/17909c36c9b5f5e8bd1e70b4fc380311.jpeg,В наявності,(26.01.2023)
Варильна поверхня KM 7879 FL,26787970RU,152 690 грн.,,https://shop.miele.ua/upload/iblock/753/753a99c86a37aa680115e9bc17643936.jpeg,В наявності,(28.06.2022)
Варильна поверхня KM 7897 FL,26789770RU,172 590 грн.,,https://shop.miele.ua/upload/iblock/78a/78abe7dad77033efa3ba6bba3f070a73.jpeg,В наявності,(28.06.2022)
Варильна поверхня з витяжкою KMDA 7476 FL,26747672UA,184 190 грн.,,https://shop.miele.ua/upload/iblock/088/0888b3dea238d80454a0acd41d7e526c.jpeg,В наявності,(28.06.2022)
Варильна поверхня з витяжкою KMDA 7476 FR,26747602UA,184 190 грн.,,https://shop.miele.ua/upload/iblock/17c/17cafe04b768ce31581d061f576a046a.jpeg,В наявності,(26.07.2022)
Варильна поверхня з витяжкою KMDA 7633 FR,26763301UA,185 790 грн.,,https://shop.miele.ua/upload/iblock/9f9/9f9623fc2e8c1400c1b1600669c8d9ff.jpeg,Під замовлення,(16.05.2023)
KWT 2671 + WSS 2600,36267105OER,522 990 грн.,,https://shop.miele.ua/upload/iblock/ebc/ebc4fa38ddf98667cfa7b4277898c263.jpeg,Під замовлення,(16.05.2023)
Винний холодильник KWT 2671 VIS,36267105OER,506 990 грн.,,https://shop.miele.ua/upload/iblock/3c6/3c6f238d8bf6c5ed266bd07514620ac1.jpeg,Під замовлення,(21.12.2023)
Винний холодильник KWT 6321 UG,36632100OER,154 190 грн.,,https://shop.miele.ua/upload/iblock/956/95620a9606cd811f3f5c5fe9200d8173.jpeg,Під замовлення,(11.08.2023)
KWT 6422 iG графітово-сірий,36642225OER,179 790 грн.,,https://shop.miele.ua/upload/iblock/2a4/2a40d0f3fd02c72571c7b3e72f95f40e.jpeg,Під замовлення,(21.12.2023)
Винний холодильник KWT 6422 iG чорний обсидіан,36642220OER,176 890 грн.,,https://shop.miele.ua/upload/iblock/a60/a603ecef6c7fbe0f7a723297be2b7353.jpeg,Під замовлення,(11.08.2023)
KWT 6834 SGS   OER,36683400OER,303 690 грн.,,https://shop.miele.ua/upload/iblock/e51/e51ea4294dc9da67827f2434732c72ff.jpeg,В наявності,(11.08.2023)
Винний холодильник KWT 7112 iG CleanSteel,36711200OER,141 090 грн.,,https://shop.miele.ua/upload/iblock/cf0/cf0bd45731e83b3a9cbfb9debc6db5c3.jpeg,Під замовлення,(11.08.2023)
Винний холодильник KWT 7112 iG графитово-сірий,36711202OER,142 290 грн.,,https://shop.miele.ua/upload/iblock/31b/31bb3deb1034ef769dd3a6fb6a991c90.jpeg,Під замовлення,(21.12.2023)
Винний холодильник KWT 7112 iG чорний обсидіан,36711201OER,142 290 грн.,,https://shop.miele.ua/upload/iblock/39c/39c1ddc5206c449c50339e27b33aba3b.jpeg,Під замовлення,(11.08.2023)
Мікрохвильова піч M 2230 SC,24223020RU,43 890 грн.,,https://shop.miele.ua/upload/iblock/ee8/ee81574f6328ced56f107f31ae34758f.jpeg,В наявності,(11.08.2023)
Мікрохвильова піч M 6012 SC,24601250RU,29 290 грн.,,https://shop.miele.ua/upload/iblock/16e/16e0a51cf2a4a8723a605bf29f0d35b1.jpeg,Під замовлення,(21.12.2023)
Мікрохвильова піч M 7240 TC CleanSteel,24724040RU,63 790 грн.,,https://shop.miele.ua/upload/iblock/b45/b455c5fca0652a8951b3ba3e0083d711.jpeg,Під замовлення,(21.12.2023)
Мікрохвильова піч M 7244 TC CleanSteel,24724440RU,74 290 грн.,,https://shop.miele.ua/upload/iblock/294/2946b1c31947690f68f4ea477eb979cd.jpeg,В наявності,(28.06.2022)
Мікрохвильова піч M 7244 TC графитово-сірий,24724430RU,79 690 грн.,,https://shop.miele.ua/upload/iblock/162/16297b117be1a7f333c5dd505b4cb88f.jpeg,Під замовлення,(21.12.2023)
Мікрохвильова піч M 7244 TC діамантово-білий,24724410RU,79 690 грн.,,https://shop.miele.ua/upload/iblock/6b5/6b52606fac781a1057613c96618c7a64.jpeg,В наявності,(28.06.2022)
Мікрохвильова піч M 7244 TC чорний обсидіан,24724420RU,79 690 грн.,,https://shop.miele.ua/upload/iblock/2bd/2bd5c6f05fe3277cb0986be058386191.jpeg,В наявності,(31.08.2022)
PUR 68 W,28416854UA,46 490 грн.,,https://shop.miele.ua/upload/iblock/63d/63d1e7bfea366e0057316bb754b7175f.jpeg,Під замовлення,(16.05.2023)
PUR 98 D,28410857UA,103 590 грн.,,https://shop.miele.ua/upload/iblock/9c8/9c8c4398f89742b1268abb90c1f31a79.jpeg,В наявності,(28.06.2022)
PUR 98 W,28419854UA,55 890 грн.,,https://shop.miele.ua/upload/iblock/0bf/0bfb99d0632f4b02add0396cd5e2e196.jpeg,В наявності,(28.06.2022)
Пилосос SBAF3 білий лотос,41BAF301UA,7 590 грн.,,https://shop.miele.ua/upload/iblock/33d/33d0a5eaad3b8b6270b2b7de87028700.jpeg,В наявності,(28.06.2022)
SGDF3 CompleteC3 графітовий сірий,41GDF357UA,10 999 грн.,13 990 грн.,https://shop.miele.ua/upload/iblock/d33/d33bc1242d2e14dcbbfd1779531ac6bb.jpeg,Під замовлення,(16.05.2023)
SGDF3 CompleteC3 жовтий каррі,41GDF354UA,9 999 грн.,12 090 грн.,https://shop.miele.ua/upload/iblock/d8d/d8d83cb9d2a3ac4b805fc7571aec8821.jpeg,Під замовлення,(16.05.2023)
Пилосос SGDF3 чорний обсидіан,41GDF305UA,9 999 грн.,12 090 грн.,https://shop.miele.ua/upload/iblock/99c/99c77c04355602f9265dc54b45ef0c5d.jpeg,В наявності,(26.01.2023)
Пилосос SGDP3 ожиново-червоний,41GDP339UA,9 999 грн.,12 690 грн.,https://shop.miele.ua/upload/iblock/7f7/7f72d2683b256c987049d6da0eba880d.jpeg,В наявності,(28.06.2022)
Пилосос SGDP3 чорний обсидіан,41GDP340UA,9 999 грн.,12 690 грн.,https://shop.miele.ua/upload/iblock/b71/b716a8e0b9b5919fc5b5b16c2caa12fe.jpeg,В наявності,(28.06.2022)
Пилосос SGEF3 Cat & Dog червона малина,41GEF330UA,16 490 грн.,,https://shop.miele.ua/upload/iblock/356/3568fcf7b549b7a6c8db63d094aac99e.jpeg,В наявності,(12.07.2022)
Пилосос SGSF3 морська блакить,41GSF331UA,15 090 грн.,,https://shop.miele.ua/upload/iblock/943/943c64d2cca549d3e4bd48d75db9750d.jpeg,В наявності,(28.06.2022)
Пилосос SKCF3 Blizzard CX1 технічний блакитний,41KCF332UA,18 999 грн.,20 290 грн.,https://shop.miele.ua/upload/iblock/9d3/9d30cecd6575565dbd95696f7ef5f7a9.jpeg,В наявності,(28.06.2022)
Пилосос SKRF3 Blizzard CX1 мангового-червоний,41KRF330UA,15 999 грн.,17 690 грн.,https://shop.miele.ua/upload/iblock/db0/db0a8613852df029c48a07bbdecd51cb.jpeg,В наявності,(28.06.2022)
Пилосос SKRF3 Blizzard Red Edition білий лотос,41KRF339UA,17 690 грн.,,https://shop.miele.ua/upload/iblock/85e/85ead69da110af89f42e8ce2acd0a254.jpeg,В наявності,(28.06.2022)
Пилосос SKRF3 Blizzard Red Edition чорний обсидіан,41KRF342UA,20 290 грн.,,https://shop.miele.ua/upload/iblock/40b/40b511a722c95d4a3780a3f48ef5af74.jpeg,В наявності,(26.01.2023)
Пилосос SNCF0 Boost CX1 Cat & Dog чорний обсидіан,41NCF031UA,15 090 грн.,,https://shop.miele.ua/upload/iblock/1d0/1d0c056887e9fe3e4af15562e6936e44.jpeg,В наявності,(28.06.2022)
Пилосос SNCF0 Boost CX1 Parquet білий лотос,41NCF033UA,12 599 грн.,13 890 грн.,https://shop.miele.ua/upload/iblock/f9c/f9c6bfb5f6303fad80e328a83fb3d378.jpeg,В наявності,(12.07.2022)
Пилосос SNRF0 Boost CX1 білий лотос,41NRF001UA,9 999 грн.,11 290 грн.,https://shop.miele.ua/upload/iblock/07e/07e1673e0a73827c4fc9e7e340043176.jpeg,В наявності,(12.07.2022)
Пилосос SNRF0 Boost CX1 чорний обсидіан,41NRF005UA,9 999 грн.,11 290 грн.,https://shop.miele.ua/upload/iblock/978/9780158b7119d339f4cc64a4af8873d0.jpeg,В наявності,(28.06.2022)
Сушильна машина TCR 790 WP,12CR7902UA,130 190 грн.,,https://shop.miele.ua/upload/iblock/fe4/fe490c9912a99f658bdf0326f9c6cb73.jpeg,В наявності,(28.06.2022)
Сушильна машина TEA 225 WP,12EA2252UA,42 699 грн.,,https://shop.miele.ua/upload/iblock/09c/09c8877362c58e566e3b1af1768b4c64.jpeg,В наявності,(12.07.2022)
Сушильна машина TED 265 WP,12ED2652UA,50 499 грн.,,https://shop.miele.ua/upload/iblock/1fc/1fc894be999cafe60aa2f12f9f0995ef.jpeg,В наявності,(12.07.2022)
Сушильна машина TEF 765 WP,12EF7652UA,59 890 грн.,,https://shop.miele.ua/upload/iblock/5d2/5d20cef8dd343bb07515da94b10b74c9.jpeg,В наявності,(26.01.2023)
Сушильна машина TSF 763 WP,12SF7632UA,60 090 грн.,,https://shop.miele.ua/upload/iblock/f34/f348351385c37e966c876255579ddc62.jpeg,В наявності,(26.01.2023)
Сушильна машина TSL 783 WP,12SL7832UA,88 390 грн.,,https://shop.miele.ua/upload/iblock/f78/f7825fa972090f0e313c434951c428e5.jpeg,Під замовлення,(16.05.2023)
Сушильна машина TWC 220 WP,12WC2202UA,46 699 грн.,,https://shop.miele.ua/upload/iblock/9a3/9a35e3a680543a6daa0c99108c7ddb56.jpeg,Під замовлення,(19.04.2023)
Сушильна машина TWF 760 WP,12WF7602UA,60 090 грн.,,https://shop.miele.ua/upload/iblock/f3d/f3d7f423518d508a554a100818923249.jpeg,В наявності,(28.06.2022)
Сушильна машина TWL 780 WP,12WL7802UA,88 390 грн.,,https://shop.miele.ua/upload/iblock/6df/6df35498bdf395a2a64780faa56bd62b.jpeg,Під замовлення,(16.05.2023)
Сушильна машина TWV 780 WP,12WV7802UA,148 690 грн.,,https://shop.miele.ua/upload/iblock/ab3/ab3d3af8452e4f20cc9bbccb4f577f0d.jpeg,Під замовлення,(22.03.2023)
Пральна машина WCR 860 WPS,11CR8606UA,103 790 грн.,,https://shop.miele.ua/upload/iblock/936/9360ce487269d9775d8c0e48b2c0a954.jpeg,В наявності,(28.06.2022)
Пральна машина WCR 870 WPS,11CR8706UA,103 790 грн.,,https://shop.miele.ua/upload/iblock/fc8/fc84ba46a53508ab909dd31de34ea313.jpeg,В наявності,(28.06.2022)
Пральна машина WCR 890 WPS,11CR8906UA,132 090 грн.,,https://shop.miele.ua/upload/iblock/c37/c370c06365154c4daca0e412a476680b.jpeg,В наявності,(31.08.2022)
Пральна машина WEA 025 WCS,11EA0251UA,39 699 грн.,,https://shop.miele.ua/upload/iblock/a78/a78f46ceb6f0184821d94031c2887b70.jpeg,В наявності,(31.08.2022)
Пральна машина WED 125 WCS,11ED1251UA,43 599 грн.,,https://shop.miele.ua/upload/iblock/774/774f81025269004a63994fbbe01cea7b.jpeg,Під замовлення,(31.03.2023)
Пральна машина WEG 665 WCS,11EG6655UA,72 290 грн.,,https://shop.miele.ua/upload/iblock/190/190c900699f1bc9e12356dba75aa41da.jpeg,В наявності,(31.03.2023)
Пральна машина WEI 865 WPS,11EI8656UA,87 190 грн.,,https://shop.miele.ua/upload/iblock/9d0/9d0b7e4e8a35f57e6856734a749577fd.jpeg,В наявності,(31.03.2023)
Пральна машина WSA 023 WCS,11SA0231UA,39 699 грн.,,https://shop.miele.ua/upload/iblock/ff7/ff72313430a23ca1cbe2c9545ffbbb16.jpeg,В наявності,(12.07.2022)
Пральна машина WSD 123 WCS,11SD1231UA,42 299 грн.,,https://shop.miele.ua/upload/iblock/36c/36c9e194ff8dfd7b14678a5a3aa766e0.jpeg,В наявності,(12.07.2022)
WSD 164 WCS,11SD1641UA,50 890 грн.,,https://shop.miele.ua/upload/iblock/b49/b49f2aa9fc8c42fb833d60674856f04c.jpeg,В наявності,(28.06.2022)
Пральна машина WSG 663 WCS,11SG6631UA,66 890 грн.,,https://shop.miele.ua/upload/iblock/2c3/2c32ad319326deb0e8d1cbefa5f25d32.jpeg,В наявності,(28.06.2022)
Пральна машина WSH 863 WCS,11SH8631UA,74 690 грн.,,https://shop.miele.ua/upload/iblock/76b/76b637d29d600bbe897a72978de046a5.jpeg,В наявності,(12.07.2022)
Пральна машина WSI 863 WCS,11SI8631UA,78 190 грн.,,https://shop.miele.ua/upload/iblock/02b/02b237ec4ad1832594255ff5343dc46b.jpeg,В наявності,(12.07.2022)
Пральна машина з сушкою WTI 370 WPM,11TI3704UA,105 090 грн.,,https://shop.miele.ua/upload/iblock/d46/d4673d557b06ce66ad4cdcaf0466ff45.jpeg,Під замовлення,(28.04.2023)
Пральна машина WW 610 WCS,11W61001UA,80 890 грн.,,https://shop.miele.ua/upload/iblock/2f5/2f5b14759d8cb68e26956400d1c2c30c.jpeg,В наявності,(26.01.2023)
Пральна машина WWD 120 WCS,11WD1201UA,42 299 грн.,,https://shop.miele.ua/upload/iblock/62a/62a50efa1495027210f6a7c47b9b115c.jpeg,В наявності,(26.01.2023)
Пральна машина WWD 320 WCS,11WD3201UA,57 290 грн.,,https://shop.miele.ua/upload/iblock/642/6428c4156f78715f76b47293f4a4752a.jpeg,В наявності,(26.01.2023)
Пральна машина WWD 660 WCS,11WD6601UA,53 190 грн.,,https://shop.miele.ua/upload/iblock/69a/69af4ab6fd01512559bcb1952edb5ce9.jpeg,В наявності,(28.06.2022)
Пральна машина WWG 660 WCS,11WG6601UA,66 890 грн.,,https://shop.miele.ua/upload/iblock/d53/d539d5568fcd4380014e73a27d467354.jpeg,В наявності,(28.06.2022)
Пральна машина WWH 860 WCS,11WH8601UA,74 690 грн.,,https://shop.miele.ua/upload/iblock/b45/b45f6a127fe11bf6564640231d96a0d3.jpeg,В наявності,(28.06.2022)
Пральна машина WWI 860 WPS,11WI8603UA,83 690 грн.,,https://shop.miele.ua/upload/iblock/60b/60b7a9f7ff2430a4880cc802852fee1e.jpeg,В наявності,(28.06.2022)
Пральна машина WWV 980 WPS Passion,11WV9806UA,147 890 грн.,,https://shop.miele.ua/upload/iblock/b1b/b1b86b6f8b1cbcfa6efb1dce309ebdbc.jpeg,В наявності,(28.06.2022)
Витяжка DA 2360,28236055UA,39 890 грн.,,https://shop.miele.ua/upload/iblock/90e/90e4b2d43ced884fbc4fd45eb5a55b51.jpeg,В наявності,(28.06.2022)
Витяжка DA 9091 W графитово-сірий,28909160UA,63 790 грн.,,https://shop.miele.ua/upload/iblock/526/526b31ad52d664b4bd685ec3556ae902.jpeg,Під замовлення,(16.05.2023)
Витяжка DA 9091 W чорний обсидіан,28909140UA,63 790 грн.,,https://shop.miele.ua/upload/iblock/cdb/cdbb510fa9cefddfdf4fd62278f53e23.jpeg,Під замовлення,(16.05.2023)
"Пилосос SMUL1 01 TRIFLEX HX1 білий лотос, червоний",41MUL101UA,19 999 грн.,21 890 грн.,https://shop.miele.ua/upload/iblock/236/23626f795323445ce1c5efb6cf6005c4.jpeg,В наявності,(12.07.2022)
"Пилосос SMUL1 05 TRIFLEX HX1 чорний обсидіан, червоний",41MUL105UA,19 999 грн.,21 890 грн.,https://shop.miele.ua/upload/iblock/650/650dce68fcf4322bbb367781df6a21fd.jpeg,В наявності,(12.07.2022)
"Пилосос SMUL1 13 TRIFLEX HX1 графітово-сірий, блакитний",41MUL113UA,19 999 грн.,21 890 грн.,https://shop.miele.ua/upload/iblock/4bb/4bb85d427f1d86c8493e2733b9017782.jpeg,В наявності,(12.07.2022)
"Пилосос SMUL1 30 TRIFLEX HX1 Active графітово-сірий, блакитний",41MUL130UA,21 890 грн.,,https://shop.miele.ua/upload/iblock/1f3/1f3206b84a17ff07577db71608696ad0.jpeg,Під замовлення,(31.03.2023)
"Пилосос SMUL1 31 TRIFLEX HX1 Active чорний обсидіан, червоний",41MUL131UA,21 890 грн.,,https://shop.miele.ua/upload/iblock/327/327a1133d4ebe70f94c6d0cb1e67544d.jpeg,В наявності,(12.03.2023)
Пилосос SOML0 01 TRIFLEX HX2,41OML001UA,26 890 грн.,,https://shop.miele.ua/upload/iblock/d78/d78ebce3376310d2c988fb9d1c22b1d0.jpeg,В наявності,(28.06.2022)
Пилосос SOML0 30 TRIFLEX HX2 C&D,41OML030UA,29 090 грн.,,https://shop.miele.ua/upload/iblock/cd8/cd8159e66bd22aa79f6785ea1a53696b.jpeg,В наявності,(28.06.2022)
Пилосос SOML0 31 TRIFLEX HX2 Prо,41OML031UA,38 090 грн.,,https://shop.miele.ua/upload/iblock/694/6942f45658796410a2c25f0afa455e9d.jpeg,Під замовлення,(07.04.2023)
Пилосос SOML5 30 TRIFLEX HX2 Performance,41OML530UA,31 690 грн.,,https://shop.miele.ua/upload/iblock/0ac/0ac07b01bba4804861e143a74ea797ba.jpeg,В наявності,(28.06.2022)
Пилосос SOML5 31 TRIFLEX HX2 Runner,41OML531UA,35 090 грн.,,https://shop.miele.ua/upload/iblock/c77/c779e3019652360c7aa36309af67a274.jpeg,В наявності,(28.06.2022)
